Iteration,Fitness,Solution
1,358.53899999999931,0,1,1,0,1,1,1,1,0,1,0,0,0,0,0,0,0,1,0,0,0,1,0,0,0,0,1,1,1,1,1,0,1,1,1,1,0,0,1,1,0,0,0,1,1,1,0,0,0,1,0,0,1,1,0,0,1,0,0,0,0,0,0,0,1,1,1,1,1,1,0,0,0,1,1,1,1,1,1,0,0,1,1,1,1,0,1,1,1,0,1,1,1,1,0,1,1,1,
2,70.09099999999991,0,1,1,0,1,1,1,1,0,1,0,0,0,0,0,0,0,1,0,0,0,1,0,0,0,0,1,1,1,0,1,0,1,1,1,1,0,0,1,1,0,0,0,1,1,1,0,0,0,0,0,0,1,1,0,0,1,0,0,0,0,0,0,0,1,1,1,1,1,1,0,0,0,1,1,1,1,1,1,1,0,1,0,1,1,0,1,1,1,0,1,1,1,1,0,1,1,1,
3,70.09099999999991,0,1,1,0,1,1,1,1,0,1,0,0,0,0,0,0,0,1,0,0,0,1,0,0,0,0,1,1,1,0,1,0,1,1,1,1,0,0,1,1,0,0,0,1,1,1,0,0,0,0,0,0,1,1,0,0,1,0,0,0,0,0,0,0,1,1,1,1,1,1,0,0,0,1,1,1,1,1,1,1,0,1,0,1,1,0,1,1,1,0,1,1,1,1,0,1,1,1,
4,70.09099999999991,0,1,1,0,1,1,1,1,0,1,0,0,0,0,0,0,0,1,0,0,0,1,0,0,0,0,1,1,1,0,1,0,1,1,1,1,0,0,1,1,0,0,0,1,1,1,0,0,0,0,0,0,1,1,0,0,1,0,0,0,0,0,0,0,1,1,1,1,1,1,0,0,0,1,1,1,1,1,1,1,0,1,0,1,1,0,1,1,1,0,1,1,1,1,0,1,1,1,
5,70.09099999999991,0,1,1,0,1,1,1,1,0,1,0,0,0,0,0,0,0,1,0,0,0,1,0,0,0,0,1,1,1,0,1,0,1,1,1,1,0,0,1,1,0,0,0,1,1,1,0,0,0,0,0,0,1,1,0,0,1,0,0,0,0,0,0,0,1,1,1,1,1,1,0,0,0,1,1,1,1,1,1,1,0,1,0,1,1,0,1,1,1,0,1,1,1,1,0,1,1,1,
6,70.09099999999991,0,1,1,0,1,1,1,1,0,1,0,0,0,0,0,0,0,1,0,0,0,1,0,0,0,0,1,1,1,0,1,0,1,1,1,1,0,0,1,1,0,0,0,1,1,1,0,0,0,0,0,0,1,1,0,0,1,0,0,0,0,0,0,0,1,1,1,1,1,1,0,0,0,1,1,1,1,1,1,1,0,1,0,1,1,0,1,1,1,0,1,1,1,1,0,1,1,1,
7,70.09099999999991,0,1,1,0,1,1,1,1,0,1,0,0,0,0,0,0,0,1,0,0,0,1,0,0,0,0,1,1,1,0,1,0,1,1,1,1,0,0,1,1,0,0,0,1,1,1,0,0,0,0,0,0,1,1,0,0,1,0,0,0,0,0,0,0,1,1,1,1,1,1,0,0,0,1,1,1,1,1,1,1,0,1,0,1,1,0,1,1,1,0,1,1,1,1,0,1,1,1,
8,70.09099999999991,0,1,1,0,1,1,1,1,0,1,0,0,0,0,0,0,0,1,0,0,0,1,0,0,0,0,1,1,1,0,1,0,1,1,1,1,0,0,1,1,0,0,0,1,1,1,0,0,0,0,0,0,1,1,0,0,1,0,0,0,0,0,0,0,1,1,1,1,1,1,0,0,0,1,1,1,1,1,1,1,0,1,0,1,1,0,1,1,1,0,1,1,1,1,0,1,1,1,
9,70.09099999999991,0,1,1,0,1,1,1,1,0,1,0,0,0,0,0,0,0,1,0,0,0,1,0,0,0,0,1,1,1,0,1,0,1,1,1,1,0,0,1,1,0,0,0,1,1,1,0,0,0,0,0,0,1,1,0,0,1,0,0,0,0,0,0,0,1,1,1,1,1,1,0,0,0,1,1,1,1,1,1,1,0,1,0,1,1,0,1,1,1,0,1,1,1,1,0,1,1,1,
10,70.09099999999991,0,1,1,0,1,1,1,1,0,1,0,0,0,0,0,0,0,1,0,0,0,1,0,0,0,0,1,1,1,0,1,0,1,1,1,1,0,0,1,1,0,0,0,1,1,1,0,0,0,0,0,0,1,1,0,0,1,0,0,0,0,0,0,0,1,1,1,1,1,1,0,0,0,1,1,1,1,1,1,1,0,1,0,1,1,0,1,1,1,0,1,1,1,1,0,1,1,1,
11,70.09099999999991,0,1,1,0,1,1,1,1,0,1,0,0,0,0,0,0,0,1,0,0,0,1,0,0,0,0,1,1,1,0,1,0,1,1,1,1,0,0,1,1,0,0,0,1,1,1,0,0,0,0,0,0,1,1,0,0,1,0,0,0,0,0,0,0,1,1,1,1,1,1,0,0,0,1,1,1,1,1,1,1,0,1,0,1,1,0,1,1,1,0,1,1,1,1,0,1,1,1,
12,70.09099999999991,0,1,1,0,1,1,1,1,0,1,0,0,0,0,0,0,0,1,0,0,0,1,0,0,0,0,1,1,1,0,1,0,1,1,1,1,0,0,1,1,0,0,0,1,1,1,0,0,0,0,0,0,1,1,0,0,1,0,0,0,0,0,0,0,1,1,1,1,1,1,0,0,0,1,1,1,1,1,1,1,0,1,0,1,1,0,1,1,1,0,1,1,1,1,0,1,1,1,
13,70.09099999999991,0,1,1,0,1,1,1,1,0,1,0,0,0,0,0,0,0,1,0,0,0,1,0,0,0,0,1,1,1,0,1,0,1,1,1,1,0,0,1,1,0,0,0,1,1,1,0,0,0,0,0,0,1,1,0,0,1,0,0,0,0,0,0,0,1,1,1,1,1,1,0,0,0,1,1,1,1,1,1,1,0,1,0,1,1,0,1,1,1,0,1,1,1,1,0,1,1,1,
14,70.09099999999991,0,1,1,0,1,1,1,1,0,1,0,0,0,0,0,0,0,1,0,0,0,1,0,0,0,0,1,1,1,0,1,0,1,1,1,1,0,0,1,1,0,0,0,1,1,1,0,0,0,0,0,0,1,1,0,0,1,0,0,0,0,0,0,0,1,1,1,1,1,1,0,0,0,1,1,1,1,1,1,1,0,1,0,1,1,0,1,1,1,0,1,1,1,1,0,1,1,1,
15,70.09099999999991,0,1,1,0,1,1,1,1,0,1,0,0,0,0,0,0,0,1,0,0,0,1,0,0,0,0,1,1,1,0,1,0,1,1,1,1,0,0,1,1,0,0,0,1,1,1,0,0,0,0,0,0,1,1,0,0,1,0,0,0,0,0,0,0,1,1,1,1,1,1,0,0,0,1,1,1,1,1,1,1,0,1,0,1,1,0,1,1,1,0,1,1,1,1,0,1,1,1,
16,70.09099999999991,0,1,1,0,1,1,1,1,0,1,0,0,0,0,0,0,0,1,0,0,0,1,0,0,0,0,1,1,1,0,1,0,1,1,1,1,0,0,1,1,0,0,0,1,1,1,0,0,0,0,0,0,1,1,0,0,1,0,0,0,0,0,0,0,1,1,1,1,1,1,0,0,0,1,1,1,1,1,1,1,0,1,0,1,1,0,1,1,1,0,1,1,1,1,0,1,1,1,
17,70.09099999999991,0,1,1,0,1,1,1,1,0,1,0,0,0,0,0,0,0,1,0,0,0,1,0,0,0,0,1,1,1,0,1,0,1,1,1,1,0,0,1,1,0,0,0,1,1,1,0,0,0,0,0,0,1,1,0,0,1,0,0,0,0,0,0,0,1,1,1,1,1,1,0,0,0,1,1,1,1,1,1,1,0,1,0,1,1,0,1,1,1,0,1,1,1,1,0,1,1,1,
18,70.09099999999991,0,1,1,0,1,1,1,1,0,1,0,0,0,0,0,0,0,1,0,0,0,1,0,0,0,0,1,1,1,0,1,0,1,1,1,1,0,0,1,1,0,0,0,1,1,1,0,0,0,0,0,0,1,1,0,0,1,0,0,0,0,0,0,0,1,1,1,1,1,1,0,0,0,1,1,1,1,1,1,1,0,1,0,1,1,0,1,1,1,0,1,1,1,1,0,1,1,1,
19,70.09099999999991,0,1,1,0,1,1,1,1,0,1,0,0,0,0,0,0,0,1,0,0,0,1,0,0,0,0,1,1,1,0,1,0,1,1,1,1,0,0,1,1,0,0,0,1,1,1,0,0,0,0,0,0,1,1,0,0,1,0,0,0,0,0,0,0,1,1,1,1,1,1,0,0,0,1,1,1,1,1,1,1,0,1,0,1,1,0,1,1,1,0,1,1,1,1,0,1,1,1,
20,70.09099999999991,0,1,1,0,1,1,1,1,0,1,0,0,0,0,0,0,0,1,0,0,0,1,0,0,0,0,1,1,1,0,1,0,1,1,1,1,0,0,1,1,0,0,0,1,1,1,0,0,0,0,0,0,1,1,0,0,1,0,0,0,0,0,0,0,1,1,1,1,1,1,0,0,0,1,1,1,1,1,1,1,0,1,0,1,1,0,1,1,1,0,1,1,1,1,0,1,1,1,
21,70.09099999999991,0,1,1,0,1,1,1,1,0,1,0,0,0,0,0,0,0,1,0,0,0,1,0,0,0,0,1,1,1,0,1,0,1,1,1,1,0,0,1,1,0,0,0,1,1,1,0,0,0,0,0,0,1,1,0,0,1,0,0,0,0,0,0,0,1,1,1,1,1,1,0,0,0,1,1,1,1,1,1,1,0,1,0,1,1,0,1,1,1,0,1,1,1,1,0,1,1,1,
22,70.09099999999991,0,1,1,0,1,1,1,1,0,1,0,0,0,0,0,0,0,1,0,0,0,1,0,0,0,0,1,1,1,0,1,0,1,1,1,1,0,0,1,1,0,0,0,1,1,1,0,0,0,0,0,0,1,1,0,0,1,0,0,0,0,0,0,0,1,1,1,1,1,1,0,0,0,1,1,1,1,1,1,1,0,1,0,1,1,0,1,1,1,0,1,1,1,1,0,1,1,1,
23,70.09099999999991,0,1,1,0,1,1,1,1,0,1,0,0,0,0,0,0,0,1,0,0,0,1,0,0,0,0,1,1,1,0,1,0,1,1,1,1,0,0,1,1,0,0,0,1,1,1,0,0,0,0,0,0,1,1,0,0,1,0,0,0,0,0,0,0,1,1,1,1,1,1,0,0,0,1,1,1,1,1,1,1,0,1,0,1,1,0,1,1,1,0,1,1,1,1,0,1,1,1,
24,70.09099999999991,0,1,1,0,1,1,1,1,0,1,0,0,0,0,0,0,0,1,0,0,0,1,0,0,0,0,1,1,1,0,1,0,1,1,1,1,0,0,1,1,0,0,0,1,1,1,0,0,0,0,0,0,1,1,0,0,1,0,0,0,0,0,0,0,1,1,1,1,1,1,0,0,0,1,1,1,1,1,1,1,0,1,0,1,1,0,1,1,1,0,1,1,1,1,0,1,1,1,
25,70.09099999999991,0,1,1,0,1,1,1,1,0,1,0,0,0,0,0,0,0,1,0,0,0,1,0,0,0,0,1,1,1,0,1,0,1,1,1,1,0,0,1,1,0,0,0,1,1,1,0,0,0,0,0,0,1,1,0,0,1,0,0,0,0,0,0,0,1,1,1,1,1,1,0,0,0,1,1,1,1,1,1,1,0,1,0,1,1,0,1,1,1,0,1,1,1,1,0,1,1,1,
26,70.09099999999991,0,1,1,0,1,1,1,1,0,1,0,0,0,0,0,0,0,1,0,0,0,1,0,0,0,0,1,1,1,0,1,0,1,1,1,1,0,0,1,1,0,0,0,1,1,1,0,0,0,0,0,0,1,1,0,0,1,0,0,0,0,0,0,0,1,1,1,1,1,1,0,0,0,1,1,1,1,1,1,1,0,1,0,1,1,0,1,1,1,0,1,1,1,1,0,1,1,1,
27,70.09099999999991,0,1,1,0,1,1,1,1,0,1,0,0,0,0,0,0,0,1,0,0,0,1,0,0,0,0,1,1,1,0,1,0,1,1,1,1,0,0,1,1,0,0,0,1,1,1,0,0,0,0,0,0,1,1,0,0,1,0,0,0,0,0,0,0,1,1,1,1,1,1,0,0,0,1,1,1,1,1,1,1,0,1,0,1,1,0,1,1,1,0,1,1,1,1,0,1,1,1,
28,70.09099999999991,0,1,1,0,1,1,1,1,0,1,0,0,0,0,0,0,0,1,0,0,0,1,0,0,0,0,1,1,1,0,1,0,1,1,1,1,0,0,1,1,0,0,0,1,1,1,0,0,0,0,0,0,1,1,0,0,1,0,0,0,0,0,0,0,1,1,1,1,1,1,0,0,0,1,1,1,1,1,1,1,0,1,0,1,1,0,1,1,1,0,1,1,1,1,0,1,1,1,
29,70.09099999999991,0,1,1,0,1,1,1,1,0,1,0,0,0,0,0,0,0,1,0,0,0,1,0,0,0,0,1,1,1,0,1,0,1,1,1,1,0,0,1,1,0,0,0,1,1,1,0,0,0,0,0,0,1,1,0,0,1,0,0,0,0,0,0,0,1,1,1,1,1,1,0,0,0,1,1,1,1,1,1,1,0,1,0,1,1,0,1,1,1,0,1,1,1,1,0,1,1,1,
30,70.09099999999991,0,1,1,0,1,1,1,1,0,1,0,0,0,0,0,0,0,1,0,0,0,1,0,0,0,0,1,1,1,0,1,0,1,1,1,1,0,0,1,1,0,0,0,1,1,1,0,0,0,0,0,0,1,1,0,0,1,0,0,0,0,0,0,0,1,1,1,1,1,1,0,0,0,1,1,1,1,1,1,1,0,1,0,1,1,0,1,1,1,0,1,1,1,1,0,1,1,1,
31,70.09099999999991,0,1,1,0,1,1,1,1,0,1,0,0,0,0,0,0,0,1,0,0,0,1,0,0,0,0,1,1,1,0,1,0,1,1,1,1,0,0,1,1,0,0,0,1,1,1,0,0,0,0,0,0,1,1,0,0,1,0,0,0,0,0,0,0,1,1,1,1,1,1,0,0,0,1,1,1,1,1,1,1,0,1,0,1,1,0,1,1,1,0,1,1,1,1,0,1,1,1,
32,70.09099999999991,0,1,1,0,1,1,1,1,0,1,0,0,0,0,0,0,0,1,0,0,0,1,0,0,0,0,1,1,1,0,1,0,1,1,1,1,0,0,1,1,0,0,0,1,1,1,0,0,0,0,0,0,1,1,0,0,1,0,0,0,0,0,0,0,1,1,1,1,1,1,0,0,0,1,1,1,1,1,1,1,0,1,0,1,1,0,1,1,1,0,1,1,1,1,0,1,1,1,
33,70.09099999999991,0,1,1,0,1,1,1,1,0,1,0,0,0,0,0,0,0,1,0,0,0,1,0,0,0,0,1,1,1,0,1,0,1,1,1,1,0,0,1,1,0,0,0,1,1,1,0,0,0,0,0,0,1,1,0,0,1,0,0,0,0,0,0,0,1,1,1,1,1,1,0,0,0,1,1,1,1,1,1,1,0,1,0,1,1,0,1,1,1,0,1,1,1,1,0,1,1,1,
34,70.09099999999991,0,1,1,0,1,1,1,1,0,1,0,0,0,0,0,0,0,1,0,0,0,1,0,0,0,0,1,1,1,0,1,0,1,1,1,1,0,0,1,1,0,0,0,1,1,1,0,0,0,0,0,0,1,1,0,0,1,0,0,0,0,0,0,0,1,1,1,1,1,1,0,0,0,1,1,1,1,1,1,1,0,1,0,1,1,0,1,1,1,0,1,1,1,1,0,1,1,1,
35,70.09099999999991,0,1,1,0,1,1,1,1,0,1,0,0,0,0,0,0,0,1,0,0,0,1,0,0,0,0,1,1,1,0,1,0,1,1,1,1,0,0,1,1,0,0,0,1,1,1,0,0,0,0,0,0,1,1,0,0,1,0,0,0,0,0,0,0,1,1,1,1,1,1,0,0,0,1,1,1,1,1,1,1,0,1,0,1,1,0,1,1,1,0,1,1,1,1,0,1,1,1,
36,70.09099999999991,0,1,1,0,1,1,1,1,0,1,0,0,0,0,0,0,0,1,0,0,0,1,0,0,0,0,1,1,1,0,1,0,1,1,1,1,0,0,1,1,0,0,0,1,1,1,0,0,0,0,0,0,1,1,0,0,1,0,0,0,0,0,0,0,1,1,1,1,1,1,0,0,0,1,1,1,1,1,1,1,0,1,0,1,1,0,1,1,1,0,1,1,1,1,0,1,1,1,
37,70.09099999999991,0,1,1,0,1,1,1,1,0,1,0,0,0,0,0,0,0,1,0,0,0,1,0,0,0,0,1,1,1,0,1,0,1,1,1,1,0,0,1,1,0,0,0,1,1,1,0,0,0,0,0,0,1,1,0,0,1,0,0,0,0,0,0,0,1,1,1,1,1,1,0,0,0,1,1,1,1,1,1,1,0,1,0,1,1,0,1,1,1,0,1,1,1,1,0,1,1,1,
38,70.09099999999991,0,1,1,0,1,1,1,1,0,1,0,0,0,0,0,0,0,1,0,0,0,1,0,0,0,0,1,1,1,0,1,0,1,1,1,1,0,0,1,1,0,0,0,1,1,1,0,0,0,0,0,0,1,1,0,0,1,0,0,0,0,0,0,0,1,1,1,1,1,1,0,0,0,1,1,1,1,1,1,1,0,1,0,1,1,0,1,1,1,0,1,1,1,1,0,1,1,1,
39,70.09099999999991,0,1,1,0,1,1,1,1,0,1,0,0,0,0,0,0,0,1,0,0,0,1,0,0,0,0,1,1,1,0,1,0,1,1,1,1,0,0,1,1,0,0,0,1,1,1,0,0,0,0,0,0,1,1,0,0,1,0,0,0,0,0,0,0,1,1,1,1,1,1,0,0,0,1,1,1,1,1,1,1,0,1,0,1,1,0,1,1,1,0,1,1,1,1,0,1,1,1,
40,70.09099999999991,0,1,1,0,1,1,1,1,0,1,0,0,0,0,0,0,0,1,0,0,0,1,0,0,0,0,1,1,1,0,1,0,1,1,1,1,0,0,1,1,0,0,0,1,1,1,0,0,0,0,0,0,1,1,0,0,1,0,0,0,0,0,0,0,1,1,1,1,1,1,0,0,0,1,1,1,1,1,1,1,0,1,0,1,1,0,1,1,1,0,1,1,1,1,0,1,1,1,
41,70.09099999999991,0,1,1,0,1,1,1,1,0,1,0,0,0,0,0,0,0,1,0,0,0,1,0,0,0,0,1,1,1,0,1,0,1,1,1,1,0,0,1,1,0,0,0,1,1,1,0,0,0,0,0,0,1,1,0,0,1,0,0,0,0,0,0,0,1,1,1,1,1,1,0,0,0,1,1,1,1,1,1,1,0,1,0,1,1,0,1,1,1,0,1,1,1,1,0,1,1,1,
42,70.09099999999991,0,1,1,0,1,1,1,1,0,1,0,0,0,0,0,0,0,1,0,0,0,1,0,0,0,0,1,1,1,0,1,0,1,1,1,1,0,0,1,1,0,0,0,1,1,1,0,0,0,0,0,0,1,1,0,0,1,0,0,0,0,0,0,0,1,1,1,1,1,1,0,0,0,1,1,1,1,1,1,1,0,1,0,1,1,0,1,1,1,0,1,1,1,1,0,1,1,1,
43,70.09099999999991,0,1,1,0,1,1,1,1,0,1,0,0,0,0,0,0,0,1,0,0,0,1,0,0,0,0,1,1,1,0,1,0,1,1,1,1,0,0,1,1,0,0,0,1,1,1,0,0,0,0,0,0,1,1,0,0,1,0,0,0,0,0,0,0,1,1,1,1,1,1,0,0,0,1,1,1,1,1,1,1,0,1,0,1,1,0,1,1,1,0,1,1,1,1,0,1,1,1,
44,70.09099999999991,0,1,1,0,1,1,1,1,0,1,0,0,0,0,0,0,0,1,0,0,0,1,0,0,0,0,1,1,1,0,1,0,1,1,1,1,0,0,1,1,0,0,0,1,1,1,0,0,0,0,0,0,1,1,0,0,1,0,0,0,0,0,0,0,1,1,1,1,1,1,0,0,0,1,1,1,1,1,1,1,0,1,0,1,1,0,1,1,1,0,1,1,1,1,0,1,1,1,
45,70.09099999999991,0,1,1,0,1,1,1,1,0,1,0,0,0,0,0,0,0,1,0,0,0,1,0,0,0,0,1,1,1,0,1,0,1,1,1,1,0,0,1,1,0,0,0,1,1,1,0,0,0,0,0,0,1,1,0,0,1,0,0,0,0,0,0,0,1,1,1,1,1,1,0,0,0,1,1,1,1,1,1,1,0,1,0,1,1,0,1,1,1,0,1,1,1,1,0,1,1,1,
46,70.09099999999991,0,1,1,0,1,1,1,1,0,1,0,0,0,0,0,0,0,1,0,0,0,1,0,0,0,0,1,1,1,0,1,0,1,1,1,1,0,0,1,1,0,0,0,1,1,1,0,0,0,0,0,0,1,1,0,0,1,0,0,0,0,0,0,0,1,1,1,1,1,1,0,0,0,1,1,1,1,1,1,1,0,1,0,1,1,0,1,1,1,0,1,1,1,1,0,1,1,1,
47,70.09099999999991,0,1,1,0,1,1,1,1,0,1,0,0,0,0,0,0,0,1,0,0,0,1,0,0,0,0,1,1,1,0,1,0,1,1,1,1,0,0,1,1,0,0,0,1,1,1,0,0,0,0,0,0,1,1,0,0,1,0,0,0,0,0,0,0,1,1,1,1,1,1,0,0,0,1,1,1,1,1,1,1,0,1,0,1,1,0,1,1,1,0,1,1,1,1,0,1,1,1,
48,70.09099999999991,0,1,1,0,1,1,1,1,0,1,0,0,0,0,0,0,0,1,0,0,0,1,0,0,0,0,1,1,1,0,1,0,1,1,1,1,0,0,1,1,0,0,0,1,1,1,0,0,0,0,0,0,1,1,0,0,1,0,0,0,0,0,0,0,1,1,1,1,1,1,0,0,0,1,1,1,1,1,1,1,0,1,0,1,1,0,1,1,1,0,1,1,1,1,0,1,1,1,
49,70.09099999999991,0,1,1,0,1,1,1,1,0,1,0,0,0,0,0,0,0,1,0,0,0,1,0,0,0,0,1,1,1,0,1,0,1,1,1,1,0,0,1,1,0,0,0,1,1,1,0,0,0,0,0,0,1,1,0,0,1,0,0,0,0,0,0,0,1,1,1,1,1,1,0,0,0,1,1,1,1,1,1,1,0,1,0,1,1,0,1,1,1,0,1,1,1,1,0,1,1,1,
50,70.09099999999991,0,1,1,0,1,1,1,1,0,1,0,0,0,0,0,0,0,1,0,0,0,1,0,0,0,0,1,1,1,0,1,0,1,1,1,1,0,0,1,1,0,0,0,1,1,1,0,0,0,0,0,0,1,1,0,0,1,0,0,0,0,0,0,0,1,1,1,1,1,1,0,0,0,1,1,1,1,1,1,1,0,1,0,1,1,0,1,1,1,0,1,1,1,1,0,1,1,1,
51,43.338999999998121,0,1,1,0,0,1,0,1,0,1,1,0,0,0,1,0,1,0,0,0,0,0,1,1,0,1,1,0,1,0,1,1,0,1,0,1,0,1,0,1,1,0,0,0,0,0,0,0,1,1,1,0,0,0,0,1,1,0,0,1,0,1,1,0,1,0,0,0,0,0,1,1,0,0,1,0,0,1,1,0,1,0,1,0,1,1,1,1,1,0,1,1,1,1,1,1,1,1,
52,43.338999999998121,0,1,1,0,0,1,0,1,0,1,1,0,0,0,1,0,1,0,0,0,0,0,1,1,0,1,1,0,1,0,1,1,0,1,0,1,0,1,0,1,1,0,0,0,0,0,0,0,1,1,1,0,0,0,0,1,1,0,0,1,0,1,1,0,1,0,0,0,0,0,1,1,0,0,1,0,0,1,1,0,1,0,1,0,1,1,1,1,1,0,1,1,1,1,1,1,1,1,
53,43.338999999998121,0,1,1,0,0,1,0,1,0,1,1,0,0,0,1,0,1,0,0,0,0,0,1,1,0,1,1,0,1,0,1,1,0,1,0,1,0,1,0,1,1,0,0,0,0,0,0,0,1,1,1,0,0,0,0,1,1,0,0,1,0,1,1,0,1,0,0,0,0,0,1,1,0,0,1,0,0,1,1,0,1,0,1,0,1,1,1,1,1,0,1,1,1,1,1,1,1,1,
54,43.338999999998121,0,1,1,0,0,1,0,1,0,1,1,0,0,0,1,0,1,0,0,0,0,0,1,1,0,1,1,0,1,0,1,1,0,1,0,1,0,1,0,1,1,0,0,0,0,0,0,0,1,1,1,0,0,0,0,1,1,0,0,1,0,1,1,0,1,0,0,0,0,0,1,1,0,0,1,0,0,1,1,0,1,0,1,0,1,1,1,1,1,0,1,1,1,1,1,1,1,1,
55,43.338999999998121,0,1,1,0,0,1,0,1,0,1,1,0,0,0,1,0,1,0,0,0,0,0,1,1,0,1,1,0,1,0,1,1,0,1,0,1,0,1,0,1,1,0,0,0,0,0,0,0,1,1,1,0,0,0,0,1,1,0,0,1,0,1,1,0,1,0,0,0,0,0,1,1,0,0,1,0,0,1,1,0,1,0,1,0,1,1,1,1,1,0,1,1,1,1,1,1,1,1,
56,43.338999999998121,0,1,1,0,0,1,0,1,0,1,1,0,0,0,1,0,1,0,0,0,0,0,1,1,0,1,1,0,1,0,1,1,0,1,0,1,0,1,0,1,1,0,0,0,0,0,0,0,1,1,1,0,0,0,0,1,1,0,0,1,0,1,1,0,1,0,0,0,0,0,1,1,0,0,1,0,0,1,1,0,1,0,1,0,1,1,1,1,1,0,1,1,1,1,1,1,1,1,
57,43.338999999998121,0,1,1,0,0,1,0,1,0,1,1,0,0,0,1,0,1,0,0,0,0,0,1,1,0,1,1,0,1,0,1,1,0,1,0,1,0,1,0,1,1,0,0,0,0,0,0,0,1,1,1,0,0,0,0,1,1,0,0,1,0,1,1,0,1,0,0,0,0,0,1,1,0,0,1,0,0,1,1,0,1,0,1,0,1,1,1,1,1,0,1,1,1,1,1,1,1,1,
58,43.338999999998121,0,1,1,0,0,1,0,1,0,1,1,0,0,0,1,0,1,0,0,0,0,0,1,1,0,1,1,0,1,0,1,1,0,1,0,1,0,1,0,1,1,0,0,0,0,0,0,0,1,1,1,0,0,0,0,1,1,0,0,1,0,1,1,0,1,0,0,0,0,0,1,1,0,0,1,0,0,1,1,0,1,0,1,0,1,1,1,1,1,0,1,1,1,1,1,1,1,1,
59,43.338999999998121,0,1,1,0,0,1,0,1,0,1,1,0,0,0,1,0,1,0,0,0,0,0,1,1,0,1,1,0,1,0,1,1,0,1,0,1,0,1,0,1,1,0,0,0,0,0,0,0,1,1,1,0,0,0,0,1,1,0,0,1,0,1,1,0,1,0,0,0,0,0,1,1,0,0,1,0,0,1,1,0,1,0,1,0,1,1,1,1,1,0,1,1,1,1,1,1,1,1,
60,43.338999999998121,0,1,1,0,0,1,0,1,0,1,1,0,0,0,1,0,1,0,0,0,0,0,1,1,0,1,1,0,1,0,1,1,0,1,0,1,0,1,0,1,1,0,0,0,0,0,0,0,1,1,1,0,0,0,0,1,1,0,0,1,0,1,1,0,1,0,0,0,0,0,1,1,0,0,1,0,0,1,1,0,1,0,1,0,1,1,1,1,1,0,1,1,1,1,1,1,1,1,
61,43.338999999998121,0,1,1,0,0,1,0,1,0,1,1,0,0,0,1,0,1,0,0,0,0,0,1,1,0,1,1,0,1,0,1,1,0,1,0,1,0,1,0,1,1,0,0,0,0,0,0,0,1,1,1,0,0,0,0,1,1,0,0,1,0,1,1,0,1,0,0,0,0,0,1,1,0,0,1,0,0,1,1,0,1,0,1,0,1,1,1,1,1,0,1,1,1,1,1,1,1,1,
62,43.338999999998121,0,1,1,0,0,1,0,1,0,1,1,0,0,0,1,0,1,0,0,0,0,0,1,1,0,1,1,0,1,0,1,1,0,1,0,1,0,1,0,1,1,0,0,0,0,0,0,0,1,1,1,0,0,0,0,1,1,0,0,1,0,1,1,0,1,0,0,0,0,0,1,1,0,0,1,0,0,1,1,0,1,0,1,0,1,1,1,1,1,0,1,1,1,1,1,1,1,1,
63,43.338999999998121,0,1,1,0,0,1,0,1,0,1,1,0,0,0,1,0,1,0,0,0,0,0,1,1,0,1,1,0,1,0,1,1,0,1,0,1,0,1,0,1,1,0,0,0,0,0,0,0,1,1,1,0,0,0,0,1,1,0,0,1,0,1,1,0,1,0,0,0,0,0,1,1,0,0,1,0,0,1,1,0,1,0,1,0,1,1,1,1,1,0,1,1,1,1,1,1,1,1,
64,43.338999999998121,0,1,1,0,0,1,0,1,0,1,1,0,0,0,1,0,1,0,0,0,0,0,1,1,0,1,1,0,1,0,1,1,0,1,0,1,0,1,0,1,1,0,0,0,0,0,0,0,1,1,1,0,0,0,0,1,1,0,0,1,0,1,1,0,1,0,0,0,0,0,1,1,0,0,1,0,0,1,1,0,1,0,1,0,1,1,1,1,1,0,1,1,1,1,1,1,1,1,
65,43.338999999998121,0,1,1,0,0,1,0,1,0,1,1,0,0,0,1,0,1,0,0,0,0,0,1,1,0,1,1,0,1,0,1,1,0,1,0,1,0,1,0,1,1,0,0,0,0,0,0,0,1,1,1,0,0,0,0,1,1,0,0,1,0,1,1,0,1,0,0,0,0,0,1,1,0,0,1,0,0,1,1,0,1,0,1,0,1,1,1,1,1,0,1,1,1,1,1,1,1,1,
66,43.338999999998121,0,1,1,0,0,1,0,1,0,1,1,0,0,0,1,0,1,0,0,0,0,0,1,1,0,1,1,0,1,0,1,1,0,1,0,1,0,1,0,1,1,0,0,0,0,0,0,0,1,1,1,0,0,0,0,1,1,0,0,1,0,1,1,0,1,0,0,0,0,0,1,1,0,0,1,0,0,1,1,0,1,0,1,0,1,1,1,1,1,0,1,1,1,1,1,1,1,1,
67,43.338999999998121,0,1,1,0,0,1,0,1,0,1,1,0,0,0,1,0,1,0,0,0,0,0,1,1,0,1,1,0,1,0,1,1,0,1,0,1,0,1,0,1,1,0,0,0,0,0,0,0,1,1,1,0,0,0,0,1,1,0,0,1,0,1,1,0,1,0,0,0,0,0,1,1,0,0,1,0,0,1,1,0,1,0,1,0,1,1,1,1,1,0,1,1,1,1,1,1,1,1,
68,43.338999999998121,0,1,1,0,0,1,0,1,0,1,1,0,0,0,1,0,1,0,0,0,0,0,1,1,0,1,1,0,1,0,1,1,0,1,0,1,0,1,0,1,1,0,0,0,0,0,0,0,1,1,1,0,0,0,0,1,1,0,0,1,0,1,1,0,1,0,0,0,0,0,1,1,0,0,1,0,0,1,1,0,1,0,1,0,1,1,1,1,1,0,1,1,1,1,1,1,1,1,
69,5.8370000000013531,0,0,1,0,0,1,0,1,0,1,1,1,1,0,0,0,1,0,1,1,1,0,0,1,0,1,1,0,1,0,0,1,1,1,1,0,1,1,0,1,1,0,1,1,0,0,1,0,1,1,1,0,0,0,0,1,0,0,0,1,0,0,1,1,1,1,0,0,0,0,1,1,0,0,1,0,1,1,1,0,1,0,1,0,1,1,0,0,1,0,0,1,1,1,0,1,1,0,
70,5.8370000000013531,0,0,1,0,0,1,0,1,0,1,1,1,1,0,0,0,1,0,1,1,1,0,0,1,0,1,1,0,1,0,0,1,1,1,1,0,1,1,0,1,1,0,1,1,0,0,1,0,1,1,1,0,0,0,0,1,0,0,0,1,0,0,1,1,1,1,0,0,0,0,1,1,0,0,1,0,1,1,1,0,1,0,1,0,1,1,0,0,1,0,0,1,1,1,0,1,1,0,
71,5.8370000000013531,0,0,1,0,0,1,0,1,0,1,1,1,1,0,0,0,1,0,1,1,1,0,0,1,0,1,1,0,1,0,0,1,1,1,1,0,1,1,0,1,1,0,1,1,0,0,1,0,1,1,1,0,0,0,0,1,0,0,0,1,0,0,1,1,1,1,0,0,0,0,1,1,0,0,1,0,1,1,1,0,1,0,1,0,1,1,0,0,1,0,0,1,1,1,0,1,1,0,
72,5.8370000000013531,0,0,1,0,0,1,0,1,0,1,1,1,1,0,0,0,1,0,1,1,1,0,0,1,0,1,1,0,1,0,0,1,1,1,1,0,1,1,0,1,1,0,1,1,0,0,1,0,1,1,1,0,0,0,0,1,0,0,0,1,0,0,1,1,1,1,0,0,0,0,1,1,0,0,1,0,1,1,1,0,1,0,1,0,1,1,0,0,1,0,0,1,1,1,0,1,1,0,
73,5.8370000000013531,0,0,1,0,0,1,0,1,0,1,1,1,1,0,0,0,1,0,1,1,1,0,0,1,0,1,1,0,1,0,0,1,1,1,1,0,1,1,0,1,1,0,1,1,0,0,1,0,1,1,1,0,0,0,0,1,0,0,0,1,0,0,1,1,1,1,0,0,0,0,1,1,0,0,1,0,1,1,1,0,1,0,1,0,1,1,0,0,1,0,0,1,1,1,0,1,1,0,
74,5.8370000000013531,0,0,1,0,0,1,0,1,0,1,1,1,1,0,0,0,1,0,1,1,1,0,0,1,0,1,1,0,1,0,0,1,1,1,1,0,1,1,0,1,1,0,1,1,0,0,1,0,1,1,1,0,0,0,0,1,0,0,0,1,0,0,1,1,1,1,0,0,0,0,1,1,0,0,1,0,1,1,1,0,1,0,1,0,1,1,0,0,1,0,0,1,1,1,0,1,1,0,
75,5.8370000000013531,0,0,1,0,0,1,0,1,0,1,1,1,1,0,0,0,1,0,1,1,1,0,0,1,0,1,1,0,1,0,0,1,1,1,1,0,1,1,0,1,1,0,1,1,0,0,1,0,1,1,1,0,0,0,0,1,0,0,0,1,0,0,1,1,1,1,0,0,0,0,1,1,0,0,1,0,1,1,1,0,1,0,1,0,1,1,0,0,1,0,0,1,1,1,0,1,1,0,
76,5.8370000000013531,0,0,1,0,0,1,0,1,0,1,1,1,1,0,0,0,1,0,1,1,1,0,0,1,0,1,1,0,1,0,0,1,1,1,1,0,1,1,0,1,1,0,1,1,0,0,1,0,1,1,1,0,0,0,0,1,0,0,0,1,0,0,1,1,1,1,0,0,0,0,1,1,0,0,1,0,1,1,1,0,1,0,1,0,1,1,0,0,1,0,0,1,1,1,0,1,1,0,
77,5.8370000000013531,0,0,1,0,0,1,0,1,0,1,1,1,1,0,0,0,1,0,1,1,1,0,0,1,0,1,1,0,1,0,0,1,1,1,1,0,1,1,0,1,1,0,1,1,0,0,1,0,1,1,1,0,0,0,0,1,0,0,0,1,0,0,1,1,1,1,0,0,0,0,1,1,0,0,1,0,1,1,1,0,1,0,1,0,1,1,0,0,1,0,0,1,1,1,0,1,1,0,
78,5.8370000000013531,0,0,1,0,0,1,0,1,0,1,1,1,1,0,0,0,1,0,1,1,1,0,0,1,0,1,1,0,1,0,0,1,1,1,1,0,1,1,0,1,1,0,1,1,0,0,1,0,1,1,1,0,0,0,0,1,0,0,0,1,0,0,1,1,1,1,0,0,0,0,1,1,0,0,1,0,1,1,1,0,1,0,1,0,1,1,0,0,1,0,0,1,1,1,0,1,1,0,
79,5.8370000000013531,0,0,1,0,0,1,0,1,0,1,1,1,1,0,0,0,1,0,1,1,1,0,0,1,0,1,1,0,1,0,0,1,1,1,1,0,1,1,0,1,1,0,1,1,0,0,1,0,1,1,1,0,0,0,0,1,0,0,0,1,0,0,1,1,1,1,0,0,0,0,1,1,0,0,1,0,1,1,1,0,1,0,1,0,1,1,0,0,1,0,0,1,1,1,0,1,1,0,
80,5.8370000000013531,0,0,1,0,0,1,0,1,0,1,1,1,1,0,0,0,1,0,1,1,1,0,0,1,0,1,1,0,1,0,0,1,1,1,1,0,1,1,0,1,1,0,1,1,0,0,1,0,1,1,1,0,0,0,0,1,0,0,0,1,0,0,1,1,1,1,0,0,0,0,1,1,0,0,1,0,1,1,1,0,1,0,1,0,1,1,0,0,1,0,0,1,1,1,0,1,1,0,
81,5.8370000000013531,0,0,1,0,0,1,0,1,0,1,1,1,1,0,0,0,1,0,1,1,1,0,0,1,0,1,1,0,1,0,0,1,1,1,1,0,1,1,0,1,1,0,1,1,0,0,1,0,1,1,1,0,0,0,0,1,0,0,0,1,0,0,1,1,1,1,0,0,0,0,1,1,0,0,1,0,1,1,1,0,1,0,1,0,1,1,0,0,1,0,0,1,1,1,0,1,1,0,
82,5.8370000000013531,0,0,1,0,0,1,0,1,0,1,1,1,1,0,0,0,1,0,1,1,1,0,0,1,0,1,1,0,1,0,0,1,1,1,1,0,1,1,0,1,1,0,1,1,0,0,1,0,1,1,1,0,0,0,0,1,0,0,0,1,0,0,1,1,1,1,0,0,0,0,1,1,0,0,1,0,1,1,1,0,1,0,1,0,1,1,0,0,1,0,0,1,1,1,0,1,1,0,
83,5.8370000000013531,0,0,1,0,0,1,0,1,0,1,1,1,1,0,0,0,1,0,1,1,1,0,0,1,0,1,1,0,1,0,0,1,1,1,1,0,1,1,0,1,1,0,1,1,0,0,1,0,1,1,1,0,0,0,0,1,0,0,0,1,0,0,1,1,1,1,0,0,0,0,1,1,0,0,1,0,1,1,1,0,1,0,1,0,1,1,0,0,1,0,0,1,1,1,0,1,1,0,
84,5.8370000000013531,0,0,1,0,0,1,0,1,0,1,1,1,1,0,0,0,1,0,1,1,1,0,0,1,0,1,1,0,1,0,0,1,1,1,1,0,1,1,0,1,1,0,1,1,0,0,1,0,1,1,1,0,0,0,0,1,0,0,0,1,0,0,1,1,1,1,0,0,0,0,1,1,0,0,1,0,1,1,1,0,1,0,1,0,1,1,0,0,1,0,0,1,1,1,0,1,1,0,
85,5.8370000000013531,0,0,1,0,0,1,0,1,0,1,1,1,1,0,0,0,1,0,1,1,1,0,0,1,0,1,1,0,1,0,0,1,1,1,1,0,1,1,0,1,1,0,1,1,0,0,1,0,1,1,1,0,0,0,0,1,0,0,0,1,0,0,1,1,1,1,0,0,0,0,1,1,0,0,1,0,1,1,1,0,1,0,1,0,1,1,0,0,1,0,0,1,1,1,0,1,1,0,
86,5.8370000000013531,0,0,1,0,0,1,0,1,0,1,1,1,1,0,0,0,1,0,1,1,1,0,0,1,0,1,1,0,1,0,0,1,1,1,1,0,1,1,0,1,1,0,1,1,0,0,1,0,1,1,1,0,0,0,0,1,0,0,0,1,0,0,1,1,1,1,0,0,0,0,1,1,0,0,1,0,1,1,1,0,1,0,1,0,1,1,0,0,1,0,0,1,1,1,0,1,1,0,
87,5.8370000000013531,0,0,1,0,0,1,0,1,0,1,1,1,1,0,0,0,1,0,1,1,1,0,0,1,0,1,1,0,1,0,0,1,1,1,1,0,1,1,0,1,1,0,1,1,0,0,1,0,1,1,1,0,0,0,0,1,0,0,0,1,0,0,1,1,1,1,0,0,0,0,1,1,0,0,1,0,1,1,1,0,1,0,1,0,1,1,0,0,1,0,0,1,1,1,0,1,1,0,
88,5.8370000000013531,0,0,1,0,0,1,0,1,0,1,1,1,1,0,0,0,1,0,1,1,1,0,0,1,0,1,1,0,1,0,0,1,1,1,1,0,1,1,0,1,1,0,1,1,0,0,1,0,1,1,1,0,0,0,0,1,0,0,0,1,0,0,1,1,1,1,0,0,0,0,1,1,0,0,1,0,1,1,1,0,1,0,1,0,1,1,0,0,1,0,0,1,1,1,0,1,1,0,
89,5.8370000000013531,0,0,1,0,0,1,0,1,0,1,1,1,1,0,0,0,1,0,1,1,1,0,0,1,0,1,1,0,1,0,0,1,1,1,1,0,1,1,0,1,1,0,1,1,0,0,1,0,1,1,1,0,0,0,0,1,0,0,0,1,0,0,1,1,1,1,0,0,0,0,1,1,0,0,1,0,1,1,1,0,1,0,1,0,1,1,0,0,1,0,0,1,1,1,0,1,1,0,
90,5.8370000000013531,0,0,1,0,0,1,0,1,0,1,1,1,1,0,0,0,1,0,1,1,1,0,0,1,0,1,1,0,1,0,0,1,1,1,1,0,1,1,0,1,1,0,1,1,0,0,1,0,1,1,1,0,0,0,0,1,0,0,0,1,0,0,1,1,1,1,0,0,0,0,1,1,0,0,1,0,1,1,1,0,1,0,1,0,1,1,0,0,1,0,0,1,1,1,0,1,1,0,
91,5.8370000000013531,0,0,1,0,0,1,0,1,0,1,1,1,1,0,0,0,1,0,1,1,1,0,0,1,0,1,1,0,1,0,0,1,1,1,1,0,1,1,0,1,1,0,1,1,0,0,1,0,1,1,1,0,0,0,0,1,0,0,0,1,0,0,1,1,1,1,0,0,0,0,1,1,0,0,1,0,1,1,1,0,1,0,1,0,1,1,0,0,1,0,0,1,1,1,0,1,1,0,
92,5.8370000000013531,0,0,1,0,0,1,0,1,0,1,1,1,1,0,0,0,1,0,1,1,1,0,0,1,0,1,1,0,1,0,0,1,1,1,1,0,1,1,0,1,1,0,1,1,0,0,1,0,1,1,1,0,0,0,0,1,0,0,0,1,0,0,1,1,1,1,0,0,0,0,1,1,0,0,1,0,1,1,1,0,1,0,1,0,1,1,0,0,1,0,0,1,1,1,0,1,1,0,
93,5.8370000000013531,0,0,1,0,0,1,0,1,0,1,1,1,1,0,0,0,1,0,1,1,1,0,0,1,0,1,1,0,1,0,0,1,1,1,1,0,1,1,0,1,1,0,1,1,0,0,1,0,1,1,1,0,0,0,0,1,0,0,0,1,0,0,1,1,1,1,0,0,0,0,1,1,0,0,1,0,1,1,1,0,1,0,1,0,1,1,0,0,1,0,0,1,1,1,0,1,1,0,
94,5.8370000000013531,0,0,1,0,0,1,0,1,0,1,1,1,1,0,0,0,1,0,1,1,1,0,0,1,0,1,1,0,1,0,0,1,1,1,1,0,1,1,0,1,1,0,1,1,0,0,1,0,1,1,1,0,0,0,0,1,0,0,0,1,0,0,1,1,1,1,0,0,0,0,1,1,0,0,1,0,1,1,1,0,1,0,1,0,1,1,0,0,1,0,0,1,1,1,0,1,1,0,
95,5.8370000000013531,0,0,1,0,0,1,0,1,0,1,1,1,1,0,0,0,1,0,1,1,1,0,0,1,0,1,1,0,1,0,0,1,1,1,1,0,1,1,0,1,1,0,1,1,0,0,1,0,1,1,1,0,0,0,0,1,0,0,0,1,0,0,1,1,1,1,0,0,0,0,1,1,0,0,1,0,1,1,1,0,1,0,1,0,1,1,0,0,1,0,0,1,1,1,0,1,1,0,
96,5.8370000000013531,0,0,1,0,0,1,0,1,0,1,1,1,1,0,0,0,1,0,1,1,1,0,0,1,0,1,1,0,1,0,0,1,1,1,1,0,1,1,0,1,1,0,1,1,0,0,1,0,1,1,1,0,0,0,0,1,0,0,0,1,0,0,1,1,1,1,0,0,0,0,1,1,0,0,1,0,1,1,1,0,1,0,1,0,1,1,0,0,1,0,0,1,1,1,0,1,1,0,
97,5.8370000000013531,0,0,1,0,0,1,0,1,0,1,1,1,1,0,0,0,1,0,1,1,1,0,0,1,0,1,1,0,1,0,0,1,1,1,1,0,1,1,0,1,1,0,1,1,0,0,1,0,1,1,1,0,0,0,0,1,0,0,0,1,0,0,1,1,1,1,0,0,0,0,1,1,0,0,1,0,1,1,1,0,1,0,1,0,1,1,0,0,1,0,0,1,1,1,0,1,1,0,
98,5.8370000000013531,0,0,1,0,0,1,0,1,0,1,1,1,1,0,0,0,1,0,1,1,1,0,0,1,0,1,1,0,1,0,0,1,1,1,1,0,1,1,0,1,1,0,1,1,0,0,1,0,1,1,1,0,0,0,0,1,0,0,0,1,0,0,1,1,1,1,0,0,0,0,1,1,0,0,1,0,1,1,1,0,1,0,1,0,1,1,0,0,1,0,0,1,1,1,0,1,1,0,
99,5.8370000000013531,0,0,1,0,0,1,0,1,0,1,1,1,1,0,0,0,1,0,1,1,1,0,0,1,0,1,1,0,1,0,0,1,1,1,1,0,1,1,0,1,1,0,1,1,0,0,1,0,1,1,1,0,0,0,0,1,0,0,0,1,0,0,1,1,1,1,0,0,0,0,1,1,0,0,1,0,1,1,1,0,1,0,1,0,1,1,0,0,1,0,0,1,1,1,0,1,1,0,
100,5.8370000000013531,0,0,1,0,0,1,0,1,0,1,1,1,1,0,0,0,1,0,1,1,1,0,0,1,0,1,1,0,1,0,0,1,1,1,1,0,1,1,0,1,1,0,1,1,0,0,1,0,1,1,1,0,0,0,0,1,0,0,0,1,0,0,1,1,1,1,0,0,0,0,1,1,0,0,1,0,1,1,1,0,1,0,1,0,1,1,0,0,1,0,0,1,1,1,0,1,1,0,
